zip_code,borough,claim_count,paid_claim_count,building_payments,contents_payments,icc_payments,total_claim_dollars_paid,average_payment_per_paid_claim
10000,Bronx,2,0,0.0,0.0,0.0,0.0,
10451,Bronx,5,5,175166.53999999998,30248.510000000002,0.0,205415.05,41083.009999999995
10452,Bronx,6,3,2175.0,27268.0,0.0,29443.0,9814.333333333334
10453,Bronx,3,2,251626.02,450.0,0.0,252076.02,126038.01
10454,Bronx,24,13,2287903.45,157020.69,0.0,2444924.14,188071.08769230772
10455,Bronx,9,2,17664.1,50022.86,0.0,67686.95999999999,33843.479999999996
10456,Bronx,3,1,0.0,13634.48,0.0,13634.48,13634.48
10457,Bronx,1,1,0.0,6391.5,0.0,6391.5,6391.5
10458,Bronx,3,2,3339.84,0.0,0.0,3339.84,1669.92
10460,Bronx,1,1,3664.88,0.0,0.0,3664.88,3664.88
10461,Bronx,33,22,966233.39,517267.42,0.0,1483500.81,67431.855
10462,Bronx,19,14,419883.01999999996,18388.46,0.0,438271.48,31305.105714285713
10463,Bronx,12,8,88121.65,14801.85,0.0,102923.5,12865.4375
10464,Bronx,261,181,2706925.2,168919.88999999998,0.0,2875845.09,15888.646906077347
10465,Bronx,1184,917,12377070.78,1357200.23,60000.0,13794271.01,15042.825528898582
10466,Bronx,35,27,188700.72,15835.29,0.0,204536.01,7575.407777777778
10467,Bronx,5,5,34311.65,2223.75,0.0,36535.4,7307.08
10468,Bronx,6,4,11095.11,5300.75,0.0,16395.86,4098.965
10469,Bronx,50,32,112157.24,15888.93,0.0,128046.17,4001.4428125
10470,Bronx,2,2,13572.46,174.0,0.0,13746.46,6873.23
10471,Bronx,34,23,278008.28,18783.75,0.0,296792.02999999997,12904.001304347825
10472,Bronx,47,19,1240693.0599999998,586382.29,0.0,1827075.35,96161.8605263158
10473,Bronx,131,91,2000364.68,84724.44,0.0,2085089.1199999999,22913.067252747252
10474,Bronx,8,1,237362.41,0.0,0.0,237362.41,237362.41
10475,Bronx,48,33,642295.29,95006.62,0.0,737301.91,22342.48212121212
10803,Bronx,9,7,73991.01,30979.85,0.0,104970.86,14995.837142857143
11801,Bronx,2,1,1305.63,0.0,0.0,1305.63,1305.63
13905,Bronx,1,0,0.0,0.0,0.0,0.0,
10000,Brooklyn,1,1,39865.53,0.0,0.0,39865.53,39865.53
10002,Brooklyn,1,0,0.0,0.0,0.0,0.0,
10004,Brooklyn,1,1,500000.0,12942.59,0.0,512942.59,512942.59
10007,Brooklyn,1,1,3074.0,0.0,0.0,3074.0,3074.0
10009,Brooklyn,3,2,200598.76,0.0,0.0,200598.76,100299.38
10011,Brooklyn,1,1,8163.08,0.0,0.0,8163.08,8163.08
10014,Brooklyn,1,1,10189.21,0.0,0.0,10189.21,10189.21
10016,Brooklyn,3,2,1000000.0,1000000.0,0.0,2000000.0,1000000.0
10017,Brooklyn,1,0,0.0,0.0,0.0,0.0,
10021,Brooklyn,1,1,15000.0,0.0,0.0,15000.0,15000.0
10039,Brooklyn,3,1,26194.47,0.0,0.0,26194.47,26194.47
10081,Brooklyn,1,1,0.0,740.0,0.0,740.0,740.0
11201,Brooklyn,45,30,11304924.729999999,1674170.69,0.0,12979095.42,432636.514
11203,Brooklyn,25,17,162090.37,24148.9,0.0,186239.27000000002,10955.251176470589
11204,Brooklyn,45,31,55196.79,74435.09,0.0,129631.88,4181.673548387097
11205,Brooklyn,9,5,41199.57,54581.57,0.0,95781.14,19156.228
11206,Brooklyn,13,9,66777.48000000001,24574.71,0.0,91352.19,10150.243333333334
11207,Brooklyn,18,10,217012.96000000002,17544.78,0.0,234557.74000000002,23455.774
11208,Brooklyn,16,12,217222.78999999998,74614.28,0.0,291837.07,24319.755833333333
11209,Brooklyn,79,65,220655.16,65812.76,0.0,286467.92,4407.198769230769
11210,Brooklyn,48,33,188779.13,48472.74,0.0,237251.87,7189.450606060606
11211,Brooklyn,84,57,4039721.29,1339113.37,0.0,5378834.66,94365.5203508772
11212,Brooklyn,7,5,11172.86,11994.0,0.0,23166.86,4633.372
11213,Brooklyn,5,2,300.0,2969.11,0.0,3269.11,1634.555
11214,Brooklyn,139,110,1244630.34,360591.01,0.0,1605221.35,14592.921363636364
11215,Brooklyn,96,67,1204274.75,773720.36,0.0,1977995.11,29522.315074626866
11216,Brooklyn,9,5,22069.13,1000.0,0.0,23069.13,4613.826
11217,Brooklyn,40,26,2200137.86,265612.48000000004,0.0,2465750.34,94836.55153846153
11218,Brooklyn,42,32,297154.86,17637.42,0.0,314792.27999999997,9837.258749999999
11219,Brooklyn,64,53,54404.39,190931.61,0.0,245336.0,4628.981132075472
11220,Brooklyn,20,14,413132.22000000003,52711.49,0.0,465843.71,33274.55071428572
11221,Brooklyn,11,11,110311.76,0.0,0.0,110311.76,10028.341818181818
11222,Brooklyn,104,74,5341192.38,683619.27,0.0,6024811.65,81416.37364864866
11223,Brooklyn,80,56,2060099.82,71731.73,0.0,2131831.5500000003,38068.42053571429
11224,Brooklyn,1602,1433,100516134.76,9768786.66,210000.0,110494921.42,77107.41201674809
11225,Brooklyn,7,3,31589.11,0.0,0.0,31589.11,10529.703333333333
11226,Brooklyn,29,23,100567.85,44591.35,0.0,145159.2,6311.269565217392
11227,Brooklyn,1,1,251.0,1196.0,0.0,1447.0,1447.0
11228,Brooklyn,56,42,83014.15,63507.73,0.0,146521.88,3488.6161904761907
11229,Brooklyn,711,625,22877857.61,2388317.89,1348500.0,26614675.5,42583.4808
11230,Brooklyn,38,25,176963.74,61288.14,0.0,238251.88,9530.0752
11231,Brooklyn,295,238,19384268.34,3227413.65,0.0,22611681.99,95007.06718487394
11232,Brooklyn,57,49,9388521.28,794406.49,0.0,10182927.77,207814.8524489796
11233,Brooklyn,17,6,62576.76,4375.0,0.0,66951.76000000001,11158.626666666669
11234,Brooklyn,484,372,9030878.68,1652595.63,0.0,10683474.31,28719.016962365593
11235,Brooklyn,1662,1423,97201655.83,6582186.34,176387.33000000002,103960229.5,73057.0832747716
11236,Brooklyn,266,194,3574050.64,446710.24,30000.0,4050760.88,20880.210721649484
11237,Brooklyn,11,9,564559.7799999999,66877.23,0.0,631437.01,70159.66777777778
11238,Brooklyn,12,9,39552.93,93791.3,0.0,133344.23,14816.025555555556
11249,Brooklyn,33,23,1261349.1400000001,36515.16,0.0,1297864.3,56428.882608695654
11977,Brooklyn,3,1,1477.0,0.0,0.0,1477.0,1477.0
09038,Manhattan,1,1,1213.6,0.0,0.0,1213.6,1213.6
09245,Manhattan,1,1,20127.0,0.0,0.0,20127.0,20127.0
09510,Manhattan,4,3,4456.62,1816.76,0.0,6273.38,2091.1266666666666
10000,Manhattan,3,2,91120.87000000001,0.0,0.0,91120.87000000001,45560.435000000005
10001,Manhattan,23,16,2838301.97,11212.54,0.0,2849514.5100000002,178094.65687500002
10002,Manhattan,28,15,1701082.31,19747.97,0.0,1720830.28,114722.01866666667
10003,Manhattan,20,10,152523.64,222300.0,0.0,374823.64,37482.364
10004,Manhattan,44,30,11025067.29,322385.67,0.0,11347452.96,378248.43200000003
10005,Manhattan,29,23,5404904.93,587967.05,0.0,5992871.98,260559.65130434785
10006,Manhattan,24,10,2562383.31,0.0,0.0,2562383.31,256238.331
10007,Manhattan,18,13,1325158.71,247784.43,15660.0,1588603.14,122200.24153846153
10009,Manhattan,135,104,11018851.39,80059.29999999999,0.0,11098910.69,106720.29509615384
10010,Manhattan,51,36,4320115.48,6302.780000000001,0.0,4326418.26,120178.28499999999
10011,Manhattan,110,68,10741487.31,986575.82,0.0,11728063.13,172471.51661764708
10012,Manhattan,7,5,21633.75,4397.139999999999,0.0,26030.89,5206.178
10013,Manhattan,137,78,12497861.71,24736.2,0.0,12522597.91,160546.12705128206
10014,Manhattan,84,50,16130789.83,274269.86,0.0,16405059.69,328101.1938
10016,Manhattan,46,29,5360894.71,2576203.7399999998,0.0,7937098.45,273693.05
10017,Manhattan,26,19,492203.32,9168.25,0.0,501371.57,26387.977368421052
10018,Manhattan,14,7,61145.53,63246.60999999999,0.0,124392.13999999998,17770.30571428571
10019,Manhattan,20,10,568557.42,3550.21,0.0,572107.63,57210.763
10020,Manhattan,5,4,7390.0,4148.0,0.0,11538.0,2884.5
10021,Manhattan,38,24,475105.06,150321.91999999998,0.0,625426.98,26059.4575
10022,Manhattan,32,19,27164.4,32686.65,0.0,59851.05,3150.055263157895
10023,Manhattan,21,11,56927.420000000006,6476.73,0.0,63404.15000000001,5764.0136363636375
10024,Manhattan,21,13,200841.96,18052.52,0.0,218894.47999999998,16838.03692307692
10025,Manhattan,12,10,318923.92,17588.280000000002,0.0,336512.2,33651.22
10026,Manhattan,1,0,0.0,0.0,0.0,0.0,
10027,Manhattan,3,2,21957.82,209.97,0.0,22167.789999999997,11083.894999999999
10028,Manhattan,20,12,116238.24,12122.07,0.0,128360.31,10696.6925
10029,Manhattan,99,31,1944925.92,3982.48,0.0,1948908.4,62868.012903225805
10031,Manhattan,1,1,25856.18,2182.98,0.0,28039.16,28039.16
10032,Manhattan,2,1,2908.0,0.0,0.0,2908.0,2908.0
10033,Manhattan,2,2,74375.96,4742.05,0.0,79118.01000000001,39559.005000000005
10034,Manhattan,15,7,324391.98,0.0,0.0,324391.98,46341.71142857143
10035,Manhattan,49,15,569339.42,25249.28,0.0,594588.7,39639.246666666666
10036,Manhattan,8,3,39831.7,4195.0,0.0,44026.7,14675.566666666666
10037,Manhattan,52,44,1334197.47,50276.53,0.0,1384474.0,31465.31818181818
10038,Manhattan,117,88,16775708.3,824480.7400000001,0.0,17600189.04,200002.14818181816
10039,Manhattan,14,5,553742.28,0.0,0.0,553742.28,110748.456
10041,Manhattan,6,2,501740.19,500000.0,0.0,1001740.19,500870.095
10044,Manhattan,2,2,20240.64,0.0,0.0,20240.64,10120.32
10047,Manhattan,1,1,0.0,3061.68,0.0,3061.68,3061.68
10065,Manhattan,11,5,9898.35,548.0,0.0,10446.35,2089.27
10075,Manhattan,9,5,297438.4,24632.74,0.0,322071.13999999996,64414.22799999999
10105,Manhattan,3,3,2499.23,0.0,0.0,2499.23,833.0766666666667
10107,Manhattan,1,1,943.46,963.95,0.0,1907.41,1907.41
10118,Manhattan,1,0,0.0,0.0,0.0,0.0,
10128,Manhattan,60,40,2195697.88,60009.17,0.0,2255707.05,56392.67625
10151,Manhattan,1,1,213.92,50.0,0.0,263.91999999999996,263.91999999999996
10152,Manhattan,1,1,629.05,0.0,0.0,629.05,629.05
10153,Manhattan,1,1,14384.77,0.0,0.0,14384.77,14384.77
10165,Manhattan,2,2,5360.0,0.0,0.0,5360.0,2680.0
10167,Manhattan,1,0,0.0,0.0,0.0,0.0,
10168,Manhattan,3,3,67740.46,2793.72,0.0,70534.18000000001,23511.393333333337
10169,Manhattan,1,1,20998.35,0.0,0.0,20998.35,20998.35
10175,Manhattan,2,0,0.0,0.0,0.0,0.0,
10270,Manhattan,1,0,0.0,0.0,0.0,0.0,
10280,Manhattan,18,4,250975.24,0.0,0.0,250975.24,62743.81
10281,Manhattan,1,0,0.0,0.0,0.0,0.0,
10282,Manhattan,3,0,0.0,0.0,0.0,0.0,
11021,Manhattan,1,0,0.0,0.0,0.0,0.0,
11060,Manhattan,2,1,1869.0,0.0,0.0,1869.0,1869.0
11201,Manhattan,2,2,510820.92,61895.48,0.0,572716.4,286358.2
11414,Manhattan,2,2,17674.84,0.0,0.0,17674.84,8837.42
11518,Manhattan,2,2,8289.77,5871.38,0.0,14161.15,7080.575
11520,Manhattan,1,1,1129.53,0.0,0.0,1129.53,1129.53
11558,Manhattan,5,4,15883.71,10071.23,0.0,25954.940000000002,6488.735000000001
11700,Manhattan,4,2,126854.62,0.0,0.0,126854.62,63427.31
11706,Manhattan,1,1,35628.1,0.0,0.0,35628.1,35628.1
11709,Manhattan,1,0,0.0,0.0,0.0,0.0,
11734,Manhattan,1,1,8780.27,0.0,0.0,8780.27,8780.27
11758,Manhattan,1,1,1407.05,2482.75,0.0,3889.8,3889.8
11942,Manhattan,1,1,5198.0,0.0,0.0,5198.0,5198.0
12739,Manhattan,1,1,32597.75,0.0,0.0,32597.75,32597.75
14701,Manhattan,1,1,227.2,0.0,0.0,227.2,227.2
10021,Queens,1,1,266450.81,0.0,0.0,266450.81,266450.81
10075,Queens,1,1,0.0,418.72,0.0,418.72,418.72
10097,Queens,2,2,11977.42,0.0,0.0,11977.42,5988.71
10604,Queens,1,0,0.0,0.0,0.0,0.0,
10691,Queens,3,2,48948.4,0.0,0.0,48948.4,24474.2
11001,Queens,2,0,0.0,0.0,0.0,0.0,
11004,Queens,8,3,3589.78,1585.0,0.0,5174.780000000001,1724.926666666667
11020,Queens,2,0,0.0,0.0,0.0,0.0,
11024,Queens,1,0,0.0,0.0,0.0,0.0,
11040,Queens,3,1,891.17,3012.0,0.0,3903.17,3903.17
11097,Queens,1,1,34285.18,0.0,0.0,34285.18,34285.18
11101,Queens,84,63,13394054.86,2296546.4899999998,0.0,15690601.35,249057.16428571427
11102,Queens,49,29,2231301.9,5520.26,0.0,2236822.16,77131.79862068966
11103,Queens,15,12,137229.3,0.0,0.0,137229.3,11435.775
11104,Queens,8,5,29924.539999999997,1326.51,0.0,31251.05,6250.21
11105,Queens,19,14,270420.85,80595.05,0.0,351015.89999999997,25072.564285714285
11106,Queens,15,12,353034.43,68009.8,0.0,421044.23,35087.019166666665
11109,Queens,3,2,500000.0,0.0,0.0,500000.0,250000.0
11120,Queens,1,1,141922.75,0.0,0.0,141922.75,141922.75
11136,Queens,2,1,2237.7,1247.3,0.0,3485.0,3485.0
11209,Queens,1,0,0.0,0.0,0.0,0.0,
11227,Queens,11,7,2773.75,4207.0,0.0,6980.75,997.25
11352,Queens,1,0,0.0,0.0,0.0,0.0,
11354,Queens,117,65,3400654.55,592598.8300000001,0.0,3993253.38,61434.667384615386
11355,Queens,103,84,784119.06,241046.07,0.0,1025165.1299999999,12204.346785714284
11356,Queens,74,47,3427108.65,1457150.37,0.0,4884259.02,103920.40468085106
11357,Queens,138,91,1404540.0599999998,146867.47,0.0,1551407.53,17048.434395604396
11358,Queens,61,39,328635.6,44957.29,0.0,373592.89,9579.304871794871
11360,Queens,46,36,319805.58999999997,45676.99,0.0,365482.58,10152.29388888889
11361,Queens,65,51,243027.21000000002,33224.18,0.0,276251.39,5416.693921568628
11362,Queens,59,44,166524.12,50113.47,0.0,216637.59000000003,4923.581590909092
11363,Queens,77,53,670808.47,72626.02,0.0,743434.49,14027.065849056604
11364,Queens,51,43,284674.93,154743.5,0.0,439418.43,10219.033255813953
11365,Queens,201,169,985613.41,294948.72,0.0,1280562.1300000001,7577.290710059172
11366,Queens,40,32,127020.85,42366.590000000004,0.0,169387.44,5293.3575
11367,Queens,21,13,76619.39,23252.08,0.0,99871.47,7682.420769230769
11368,Queens,15,12,358842.69,559320.16,0.0,918162.85,76513.57083333333
11369,Queens,31,18,183737.09,8901.36,0.0,192638.44999999998,10702.136111111111
11370,Queens,7,6,139383.57,2598.95,0.0,141982.52,23663.75333333333
11372,Queens,11,5,58994.979999999996,0.0,0.0,58994.979999999996,11798.996
11373,Queens,17,9,98606.60999999999,6697.2,0.0,105303.81,11700.423333333332
11374,Queens,33,23,433907.72000000003,87585.32,0.0,521493.04000000004,22673.61043478261
11375,Queens,62,42,1588378.81,211128.57,0.0,1799507.3800000001,42845.413809523816
11377,Queens,46,35,1196524.68,620093.0599999999,0.0,1816617.74,51903.364
11378,Queens,33,22,1119094.43,1034341.02,0.0,2153435.45,97883.42954545455
11379,Queens,41,28,146787.4,38775.94,0.0,185563.34,6627.262142857143
11385,Queens,19,15,286883.6,11724.86,0.0,298608.46,19907.230666666666
11411,Queens,16,15,30396.06,8553.25,0.0,38949.31,2596.6206666666667
11412,Queens,23,15,19860.769999999997,15103.380000000001,0.0,34964.15,2330.9433333333336
11413,Queens,149,120,798719.0599999999,271036.32,0.0,1069755.3800000001,8914.628166666667
11414,Queens,2028,1759,65178981.9,10894424.5,642700.0,76716106.4,43613.47720295623
11415,Queens,3,1,0.0,1952.0,0.0,1952.0,1952.0
11416,Queens,9,8,9267.2,11885.0,0.0,21152.2,2644.025
11417,Queens,34,27,51952.59,28638.3,0.0,80590.89,2984.8477777777775
11418,Queens,17,12,21245.85,35344.520000000004,0.0,56590.369999999995,4715.864166666666
11419,Queens,7,6,11128.62,3314.5,0.0,14443.12,2407.186666666667
11420,Queens,113,94,370345.61,97781.7,0.0,468127.31000000006,4980.077765957448
11421,Queens,15,8,17478.62,9710.05,0.0,27188.67,3398.58375
11422,Queens,377,313,6924956.6,427266.58999999997,30000.0,7382223.19,23585.377603833866
11423,Queens,22,15,179376.87,39809.03,0.0,219185.9,14612.393333333333
11424,Queens,1,1,72513.63,0.0,0.0,72513.63,72513.63
11426,Queens,6,3,12144.53,425.0,0.0,12569.53,4189.843333333333
11427,Queens,13,8,50439.23,6127.14,0.0,56566.37,7070.79625
11428,Queens,8,5,22195.71,7639.37,0.0,29835.079999999998,5967.016
11429,Queens,8,4,43587.02999999999,6473.18,0.0,50060.21,12515.0525
11432,Queens,29,20,164031.46,27390.83,0.0,191422.29,9571.1145
11433,Queens,30,22,619717.18,41730.770000000004,0.0,661447.9500000001,30065.815909090914
11434,Queens,73,46,385250.51,104463.91,0.0,489714.42,10645.965652173913
11435,Queens,46,39,386534.68,5129187.72,0.0,5515722.4,141428.7794871795
11436,Queens,20,12,465060.35000000003,83206.97,0.0,548267.3200000001,45688.943333333336
11559,Queens,4,4,154266.87,0.0,0.0,154266.87,38566.7175
11561,Queens,1,0,0.0,0.0,0.0,0.0,
11580,Queens,1,0,0.0,0.0,0.0,0.0,
11674,Queens,1,1,15820.86,0.0,0.0,15820.86,15820.86
11690,Queens,7,7,704042.01,241679.38,0.0,945721.39,135103.05571428573
11691,Queens,2291,1933,78042092.75,5547638.31,1290000.0,84879731.06,43910.88001034661
11692,Queens,1632,1431,66031687.97,4970381.54,1002937.39,72005006.9,50317.96429070581
11693,Queens,1601,1401,81588343.82,8154427.05,4432838.16,94175609.03,67220.2776802284
11694,Queens,2312,2119,134861932.03,21499369.57,292750.0,156654051.6,73928.29240207645
11695,Queens,3,3,122027.29000000001,11865.15,0.0,133892.44,44630.81333333333
11696,Queens,1,1,3151.19,0.0,0.0,3151.19,3151.19
11697,Queens,2373,2179,141056426.35,14142427.19,5496928.13,160695781.67,73747.49044056906
11753,Queens,1,0,0.0,0.0,0.0,0.0,
11770,Queens,1,1,10876.52,0.0,0.0,10876.52,10876.52
11793,Queens,1,1,200.0,0.0,0.0,200.0,200.0
17421,Queens,1,1,985.0,2965.0,0.0,3950.0,3950.0
09178,Staten Island,1,1,5544.4,4319.5,0.0,9863.9,9863.9
10000,Staten Island,2,1,5122.49,0.0,0.0,5122.49,5122.49
10010,Staten Island,1,1,250000.0,0.0,0.0,250000.0,250000.0
10014,Staten Island,3,3,124280.72,0.0,0.0,124280.72,41426.90666666667
10301,Staten Island,436,340,3276582.3499999996,556724.06,0.0,3833306.41,11274.43061764706
10302,Staten Island,594,500,3077939.71,622781.52,0.0,3700721.23,7401.44246
10303,Staten Island,343,286,1206103.14,436654.5,0.0,1642757.6400000001,5743.907832167833
10304,Staten Island,654,520,1380475.01,1117408.79,0.0,2497883.8,4803.622692307692
10305,Staten Island,3598,3090,62495704.26,7220457.0200000005,763800.0,70479961.28,22809.048957928804
10306,Staten Island,6438,5521,130862758.39,10568117.97,2945668.81,144376545.17,26150.43382901648
10307,Staten Island,252,213,7521438.42,487094.88,60000.0,8068533.3,37880.43802816901
10308,Staten Island,1375,1146,16716921.74,2848720.71,240000.0,19805642.45,17282.410514834206
10309,Staten Island,390,317,1918087.53,579042.26,0.0,2497129.79,7877.381041009464
10310,Staten Island,482,387,1418408.7,574605.57,0.0,1993014.27,5149.907674418605
10312,Staten Island,2050,1590,10516423.93,3928329.38,0.0,14444753.31,9084.750509433963
10314,Staten Island,2757,2293,4086671.91,4279259.95,0.0,8365931.86,3648.465704317488
11693,Staten Island,1,0,0.0,0.0,0.0,0.0,
11770,Staten Island,2,2,9301.57,0.0,0.0,9301.57,4650.785
